{"_step":49,"epoch":49,"train_loss":0.0019606927633285523,"val_accuracy":0.815,"val_loss":0.013799484372138977,"_timestamp":1.7456643746567576e+09,"_runtime":80.9570216,"_wandb":{"runtime":81}}