{"train_loss":0.00022961273789405822,"val_accuracy":0.82625,"val_loss":1.4696111320517957e-05,"_timestamp":1.7457428064737294e+09,"_wandb":{"runtime":93},"_runtime":93.774724,"_step":49,"epoch":49}