{"epoch":49,"train_loss":0.0005505073070526123,"val_accuracy":0.88875,"val_loss":1.3914623414166272e-05,"_wandb":{"runtime":95},"_timestamp":1.7457451669488692e+09,"_runtime":95.817741,"_step":49}