{"val_accuracy":0.895,"val_loss":1.1420209775678813e-05,"_timestamp":1.747299541389479e+09,"_runtime":78.8313584,"_step":49,"epoch":49,"_wandb":{"runtime":79},"train_loss":0.0002949836850166321}