{"_step":199,"_wandb":{"runtime":344},"epoch":199,"train_loss":1.1017094366252421e-06,"val_accuracy":0.83125,"val_loss":0.05800065517425537,"_timestamp":1.7456653203758876e+09,"_runtime":344.7934643}